piece	TimeSig	KeySig	last_mc	last_mn	length_qb	last_mc_unfolded	last_mn_unfolded	length_qb_unfolded	volta_mcs	all_notes_qb	n_onsets	n_onset_positions	guitar_chord_count	form_label_count	label_count	composed_start	composed_end	composer	SID	workTitle	movementNumber	movementTitle	workNumber	poet	lyricist	arranger	copyright	creationDate	mscVersion	platform	source	translator	title_text	subtitle_text	composer_text	musescore	ms3_version	subdirectory	rel_path	has_drumset	ambitus	staff_1_instrument	staff_1_ambitus	staff_2_instrument	staff_2_ambitus
A-MCAU_AP1832-001_SID026	1: 4/4	1: 1	22	22	80.0	31	31	112.0		320.0	170	55	0	0	0	1832	1832	Georg Christian Apel	26	Vollständiges Choralbuch zum Schleswig-Holstein’schen Gesangbuche		Ach! dass ich Gottes Weg verliess						2021-01-25	3.02	Microsoft Windows			Vollständiges Choralbuch zum Schleswig-Holstein’schen Gesangbuche	Ach! dass ich Gottes Weg verliess	Georg Christian Apel	3.6.2	2.5.3	1832_VollständigesChoralbuch/Analysis-MusiCAU	1832_VollständigesChoralbuch/Analysis-MusiCAU/A-MCAU_AP1832-001_SID026.mscx	False	43-74 (G2-D5)	Piano	59-74 (B3-D5)	Piano	43-64 (G2-E4)
A-MCAU_AP1832-002a_SID042	1: 4/4	1: -1	21	21	80.0	21	21	80.0		320.0	169	52	0	0	0	1832	1832	Georg Christian Apel	42	Vollständiges Choralbuch zum Schleswig-Holstein’schen Gesangbuche		Ach Gott! ruf deinen Richterblick						2021-02-21		Microsoft Windows			Vollständiges Choralbuch zum Schleswig-Holstein’schen Gesangbuche	Ach Gott! ruf deinen Richterblick	Georg Christian Apel	3.6.2	2.5.3	1832_VollständigesChoralbuch/Analysis-MusiCAU	1832_VollständigesChoralbuch/Analysis-MusiCAU/A-MCAU_AP1832-002a_SID042.mscx	False	43-74 (G2-D5)	Piano	57-74 (A3-D5)	Piano	43-62 (G2-D4)
A-MCAU_AP1832-003_SID001	1: 4/4	1: -2	17	17	64.0	17	17	64.0		256.0	135	41	0	0	0	1832	1832	Georg Christian Apel	1	Vollständiges Choralbuch zum Schleswig-Holstein’schen Gesangbuche		Ach Gott und Herr						2021-01-25	3.02	Microsoft Windows			Vollständiges Choralbuch zum Schleswig-Holstein’schen Gesangbuche	Ach Gott und Herr	Georg Christian Apel	3.6.2	2.5.3	1832_VollständigesChoralbuch/Analysis-MusiCAU	1832_VollständigesChoralbuch/Analysis-MusiCAU/A-MCAU_AP1832-003_SID001.mscx	False	43-74 (G2-D5)	Piano	62-74 (D4-D5)	Piano	43-63 (G2-Eb4)
A-MCAU_AP1832-004_SID002	1: 4/4	1: -2	22	22	80.0	31	31	112.0		320.0	172	54	0	0	0	1832	1832	Georg Christian Apel	2	Vollständiges Choralbuch zum Schleswig-Holstein’schen Gesangbuche		Ach Gott vom Himmel sieh darein						2021-01-25	3.02	Microsoft Windows			Vollständiges Choralbuch zum Schleswig-Holstein’schen Gesangbuche	Ach Gott vom Himmel sieh darein	Georg Christian Apel	3.6.2	2.5.3	1832_VollständigesChoralbuch/Analysis-MusiCAU	1832_VollständigesChoralbuch/Analysis-MusiCAU/A-MCAU_AP1832-004_SID002.mscx	False	43-74 (G2-D5)	Piano	58-74 (Bb3-D5)	Piano	43-62 (G2-D4)
A-MCAU_AP1832-005_SID090	1: 4/4	1: 0	17	17	64.0	17	17	64.0		256.0	145	43	0	0	0	1832	1832	Georg Christian Apel	90	Vollständiges Choralbuch zum Schleswig-Holstein’schen Gesangbuche		Ach wer auf späte Busse hofft						2020-12-22	3.02	Microsoft Windows			Vollständiges Choralbuch zum Schleswig-Holstein’schen Gesangbuche	Ach wer auf späte Busse hofft	Georg Christian Apel	3.6.2	2.5.3	1832_VollständigesChoralbuch/Analysis-MusiCAU	1832_VollständigesChoralbuch/Analysis-MusiCAU/A-MCAU_AP1832-005_SID090.mscx	False	45-74 (A2-D5)	Piano	60-74 (C4-D5)	Piano	45-64 (A2-E4)
A-MCAU_AP1832-006_SID003	1: 4/4	1: -1	24	24	96.0	24	24	96.0		384.0	188	59	0	0	0	1832	1832	Georg Christian Apel	3	Vollständiges Choralbuch zum Schleswig-Holstein’schen Gesangbuche		Ach, wie ist der Menschen Liebe						2021-02-21		Microsoft Windows			Vollständiges Choralbuch zum Schleswig-Holstein’schen Gesangbuche	Ach, wie ist der Menschen Liebe	Georg Christian Apel	3.6.2	2.5.3	1832_VollständigesChoralbuch/Analysis-MusiCAU	1832_VollständigesChoralbuch/Analysis-MusiCAU/A-MCAU_AP1832-006_SID003.mscx	False	43-74 (G2-D5)	Piano	57-74 (A3-D5)	Piano	43-62 (G2-D4)
A-MCAU_AP1832-007_SID039	1: 4/4	1: -1	17	17	64.0	17	17	64.0		256.0	136	45	0	0	0	1832	1832	Georg Christian Apel	39	Vollständiges Choralbuch zum Schleswig-Holstein’schen Gesangbuche		Ach, wie viel Böses wohn in mir						2021-01-25	3.02	Microsoft Windows			Vollständiges Choralbuch zum Schleswig-Holstein’schen Gesangbuche	Ach, wie viel Böses wohn in mir	Georg Christian Apel	3.6.2	2.5.3	1832_VollständigesChoralbuch/Analysis-MusiCAU	1832_VollständigesChoralbuch/Analysis-MusiCAU/A-MCAU_AP1832-007_SID039.mscx	False	43-74 (G2-D5)	Piano	60-74 (C4-D5)	Piano	43-65 (G2-F4)
A-MCAU_AP1832-008_SID004	1: 4/4	1: 1	22	22	80.0	31	31	112.0		320.0	170	51	0	0	0	1832	1832	Georg Christian Apel	4	Vollständiges Choralbuch zum Schleswig-Holstein’schen Gesangbuche		Allein Gott in der Höh sey Ehr						2021-01-25	3.02	Microsoft Windows			Vollständiges Choralbuch zum Schleswig-Holstein’schen Gesangbuche	Allein Gott in der Höh sey Ehr	Georg Christian Apel	3.6.2	2.5.3	1832_VollständigesChoralbuch/Analysis-MusiCAU	1832_VollständigesChoralbuch/Analysis-MusiCAU/A-MCAU_AP1832-008_SID004.mscx	False	43-74 (G2-D5)	Piano	59-74 (B3-D5)	Piano	43-66 (G2-F#4)
A-MCAU_AP1832-009_SID005	1: 4/4	1: -2	28	28	104.0	37	37	136.0		416.0	224	70	0	0	0	1832	1832	Georg Christian Apel	5	Vollständiges Choralbuch zum Schleswig-Holstein’schen Gesangbuche		Allein zu dir, Herr Jesu Christ						2021-01-25	3.02	Microsoft Windows			Vollständiges Choralbuch zum Schleswig-Holstein’schen Gesangbuche	Allein zu dir, Herr Jesu Christ	Georg Christian Apel	3.6.2	2.5.3	1832_VollständigesChoralbuch/Analysis-MusiCAU	1832_VollständigesChoralbuch/Analysis-MusiCAU/A-MCAU_AP1832-009_SID005.mscx	False	43-75 (G2-Eb5)	Piano	58-75 (Bb3-Eb5)	Piano	43-65 (G2-F4)
A-MCAU_AP1832-010_SID097	1: 4/4	1: 1	28	28	112.0	36	36	144.0	[[[10], [11]]]	448.0	205	64	0	0	0	1832	1832	Georg Christian Apel	97	Vollständiges Choralbuch zum Schleswig-Holstein’schen Gesangbuche		Alle Menschen müssen sterben						2021-02-21		Microsoft Windows			Vollständiges Choralbuch zum Schleswig-Holstein’schen Gesangbuche	Alle Menschen müssen sterben	Georg Christian Apel	3.6.2	2.5.3	1832_VollständigesChoralbuch/Analysis-MusiCAU	1832_VollständigesChoralbuch/Analysis-MusiCAU/A-MCAU_AP1832-010_SID097.mscx	False	43-72 (G2-C5)	Piano	57-72 (A3-C5)	Piano	43-64 (G2-E4)
A-MCAU_AP1832-017_SID086	1: 4/4	1: 1	23	23	88.0	23	23	88.0		352.0	183	55	0	0	0	1832	1832	Georg Christian Apel	86	Vollständiges Choralbuch zum Schleswig-Holstein’schen Gesangbuche		Auf meinen lieben Gott						2021-01-25	3.02	Microsoft Windows			Vollständiges Choralbuch zum Schleswig-Holstein’schen Gesangbuche	Auf meinen lieben Gott	Georg Christian Apel	3.6.2	2.5.3	1832_VollständigesChoralbuch/Analysis-MusiCAU	1832_VollständigesChoralbuch/Analysis-MusiCAU/A-MCAU_AP1832-017_SID086.mscx	False	43-74 (G2-D5)	Piano	59-74 (B3-D5)	Piano	43-62 (G2-D4)
A-MCAU_AP1832-018_SID057	1: 4/4	1: 1	38	38	144.0	47	47	176.0		576.0	296	91	0	0	0	1832	1832	Georg Christian Apel	57	Vollständiges Choralbuch zum Schleswig-Holstein’schen Gesangbuche		Auf meine Seele singe						2021-01-25	3.02	Microsoft Windows			Vollständiges Choralbuch zum Schleswig-Holstein’schen Gesangbuche	Auf meine Seele singe	Georg Christian Apel	3.6.2	2.5.3	1832_VollständigesChoralbuch/Analysis-MusiCAU	1832_VollständigesChoralbuch/Analysis-MusiCAU/A-MCAU_AP1832-018_SID057.mscx	False	43-76 (G2-E5)	Piano	57-76 (A3-E5)	Piano	43-64 (G2-E4)
A-MCAU_AP1832-019_SID083	1: 4/4	1: -2	21	21	80.0	21	21	80.0		320.0	164	50	0	0	0	1832	1832	Georg Christian Apel	83	Vollständiges Choralbuch zum Schleswig-Holstein’schen Gesangbuche		Auf schicke dich						2021-01-25	3.02	Microsoft Windows			Vollständiges Choralbuch zum Schleswig-Holstein’schen Gesangbuche	Auf schicke dich	Georg Christian Apel	3.6.2	2.5.3	1832_VollständigesChoralbuch/Analysis-MusiCAU	1832_VollständigesChoralbuch/Analysis-MusiCAU/A-MCAU_AP1832-019_SID083.mscx	False	43-74 (G2-D5)	Piano	58-74 (Bb3-D5)	Piano	43-65 (G2-F4)
A-MCAU_AP1832-020_SID038	1: 4/4	1: -2	40	40	152.0	53	53	200.0		608.0	321	93	0	0	0	1832	1832	Georg Christian Apel	38	Vollständiges Choralbuch zum Schleswig-Holstein’schen Gesangbuche		Aus ganzem Herzen lieb ich dich						2021-02-21		Microsoft Windows			Vollständiges Choralbuch zum Schleswig-Holstein’schen Gesangbuche	Aus ganzem Herzen lieb ich dich	Georg Christian Apel	3.6.2	2.5.3	1832_VollständigesChoralbuch/Analysis-MusiCAU	1832_VollständigesChoralbuch/Analysis-MusiCAU/A-MCAU_AP1832-020_SID038.mscx	False	43-75 (G2-Eb5)	Piano	57-75 (A3-Eb5)	Piano	43-63 (G2-Eb4)
A-MCAU_AP1832-021_SID006	1: 4/4	1: 1	23	23	84.0	31	31	112.0		336.0	177	54	0	0	0	1832	1832	Georg Christian Apel	6	Vollständiges Choralbuch zum Schleswig-Holstein’schen Gesangbuche		Aus meines Herzens Grunde						2021-01-25	3.02	Microsoft Windows			Vollständiges Choralbuch zum Schleswig-Holstein’schen Gesangbuche	Aus meines Herzens Grunde	Georg Christian Apel	3.6.2	2.5.3	1832_VollständigesChoralbuch/Analysis-MusiCAU	1832_VollständigesChoralbuch/Analysis-MusiCAU/A-MCAU_AP1832-021_SID006.mscx	False	43-74 (G2-D5)	Piano	62-74 (D4-D5)	Piano	43-64 (G2-E4)
A-MCAU_AP1832-022_SID007	1: 4/4	1: 1	22	22	80.0	31	31	112.0		320.0	172	55	0	0	0	1832	1832	Georg Christian Apel	7	Vollständiges Choralbuch zum Schleswig-Holstein’schen Gesangbuche		Aus tiefer Noth schrey ich zu dir						2021-01-25	3.02	Microsoft Windows			Vollständiges Choralbuch zum Schleswig-Holstein’schen Gesangbuche	Aus tiefer Noth schrey ich zu dir	Georg Christian Apel	3.6.2	2.5.3	1832_VollständigesChoralbuch/Analysis-MusiCAU	1832_VollständigesChoralbuch/Analysis-MusiCAU/A-MCAU_AP1832-022_SID007.mscx	False	43-74 (G2-D5)	Piano	59-74 (B3-D5)	Piano	43-64 (G2-E4)
A-MCAU_AP1832-023a_SID008	1: 4/4	1: 0	24	24	88.0	32	32	116.0		352.0	169	55	0	0	0	1832	1832	Georg Christian Apel	8	Vollständiges Choralbuch zum Schleswig-Holstein’schen Gesangbuche		Befiehl du deine Wege						2021-01-25	3.02	Microsoft Windows			Vollständiges Choralbuch zum Schleswig-Holstein’schen Gesangbuche	Befiehl du deine Wege	Georg Christian Apel	3.6.2	2.5.3	1832_VollständigesChoralbuch/Analysis-MusiCAU	1832_VollständigesChoralbuch/Analysis-MusiCAU/A-MCAU_AP1832-023a_SID008.mscx	False	43-74 (G2-D5)	Piano	57-74 (A3-D5)	Piano	43-64 (G2-E4)
A-MCAU_AP1832-024_SID056	1: 4/4	1: 1	17	17	64.0	17	17	64.0		256.0	136	41	0	0	0	1832	1832	Georg Christian Apel	56	Vollständiges Choralbuch zum Schleswig-Holstein’schen Gesangbuche		Begrabt den Leib in seine Gruft						2021-01-25	3.02	Microsoft Windows			Vollständiges Choralbuch zum Schleswig-Holstein’schen Gesangbuche	Begrabt den Leib in seine Gruft	Georg Christian Apel	3.6.2	2.5.3	1832_VollständigesChoralbuch/Analysis-MusiCAU	1832_VollständigesChoralbuch/Analysis-MusiCAU/A-MCAU_AP1832-024_SID056.mscx	False	43-72 (G2-C5)	Piano	59-72 (B3-C5)	Piano	43-59 (G2-B3)
A-MCAU_AP1832-027_SID009	1: 4/4	1: 0	19	19	72.0	19	19	72.0		288.0	149	46	0	0	0	1832	1832	Georg Christian Apel	9	Vollständiges Choralbuch zum Schleswig-Holstein’schen Gesangbuche		Christ fuhr gen Himmel						2021-01-25	3.02	Microsoft Windows			Vollständiges Choralbuch zum Schleswig-Holstein’schen Gesangbuche	Christ fuhr gen Himmel	Georg Christian Apel	3.6.2	2.5.3	1832_VollständigesChoralbuch/Analysis-MusiCAU	1832_VollständigesChoralbuch/Analysis-MusiCAU/A-MCAU_AP1832-027_SID009.mscx	False	43-72 (G2-C5)	Piano	59-72 (B3-C5)	Piano	43-62 (G2-D4)
A-MCAU_AP1832-028_SID010	1: 4/4	1: 0	20	20	78.0	20	20	78.0		312.0	144	44	0	0	0	1832	1832	Georg Christian Apel	10	Vollständiges Choralbuch zum Schleswig-Holstein’schen Gesangbuche		Christ ist erstanden						2021-01-25	3.02	Microsoft Windows			Vollständiges Choralbuch zum Schleswig-Holstein’schen Gesangbuche	Christ ist erstanden	Georg Christian Apel	3.6.2	2.5.3	1832_VollständigesChoralbuch/Analysis-MusiCAU	1832_VollständigesChoralbuch/Analysis-MusiCAU/A-MCAU_AP1832-028_SID010.mscx	False	43-72 (G2-C5)	Piano	57-72 (A3-C5)	Piano	43-62 (G2-D4)
A-MCAU_AP1832-029_SID012	1: 4/4	1: 0	31	31	116.0	40	40	148.0		464.0	247	82	0	0	0	1832	1832	Georg Christian Apel	12	Vollständiges Choralbuch zum Schleswig-Holstein’schen Gesangbuche		Christ unser Herr zum Jordan kam						2021-01-25	3.02	Microsoft Windows			Vollständiges Choralbuch zum Schleswig-Holstein’schen Gesangbuche	Christ unser Herr zum Jordan kam	Georg Christian Apel	3.6.2	2.5.3	1832_VollständigesChoralbuch/Analysis-MusiCAU	1832_VollständigesChoralbuch/Analysis-MusiCAU/A-MCAU_AP1832-029_SID012.mscx	False	43-76 (G2-E5)	Piano	57-76 (A3-E5)	Piano	43-64 (G2-E4)
A-MCAU_AP1832-030a_SID014	1: 4/4	1: -2	33	33	132.0	33	33	132.0		528.0	241	75	0	0	0	1832	1832	Georg Christian Apel	14	Vollständiges Choralbuch zum Schleswig-Holstein’schen Gesangbuche		Christus der uns selig macht						2021-01-25	3.02	Microsoft Windows			Vollständiges Choralbuch zum Schleswig-Holstein’schen Gesangbuche	Christus der uns selig macht	Georg Christian Apel	3.6.2	2.5.3	1832_VollständigesChoralbuch/Analysis-MusiCAU	1832_VollständigesChoralbuch/Analysis-MusiCAU/A-MCAU_AP1832-030a_SID014.mscx	False	43-74 (G2-D5)	Piano	57-74 (A3-D5)	Piano	43-62 (G2-D4)
A-MCAU_AP1832-031_SID066	1: 4/4	1: 1	28	28	112.0	28	28	112.0		448.0	211	62	0	0	0	1832	1832	Georg Christian Apel	66	Vollständiges Choralbuch zum Schleswig-Holstein’schen Gesangbuche		Dank, dem milden Vater, Dank						2021-01-25	3.02	Microsoft Windows			Vollständiges Choralbuch zum Schleswig-Holstein’schen Gesangbuche	Dank, dem milden Vater, Dank	Georg Christian Apel	3.6.2	2.5.3	1832_VollständigesChoralbuch/Analysis-MusiCAU	1832_VollständigesChoralbuch/Analysis-MusiCAU/A-MCAU_AP1832-031_SID066.mscx	False	43-74 (G2-D5)	Piano	58-74 (A#3-D5)	Piano	43-64 (G2-E4)
A-MCAU_AP1832-033_SID011	1: 4/4	1: 0	24	24	88.0	33	33	120.0		344.0	189	58	0	0	0	1832	1832	Georg Christian Apel	11	Vollständiges Choralbuch zum Schleswig-Holstein’schen Gesangbuche		Der Herr, der uns bei Gott vertrat						2021-01-25	3.02	Microsoft Windows			Vollständiges Choralbuch zum Schleswig-Holstein’schen Gesangbuche	Der Herr, der uns bei Gott vertrat	Georg Christian Apel	3.6.2	2.5.3	1832_VollständigesChoralbuch/Analysis-MusiCAU	1832_VollständigesChoralbuch/Analysis-MusiCAU/A-MCAU_AP1832-033_SID011.mscx	False	43-76 (G2-E5)	Piano	57-76 (A3-E5)	Piano	43-64 (G2-E4)
A-MCAU_AP1832-034_SID033	1: 4/4	1: 1	20	20	72.0	28	28	100.0		288.0	155	51	0	0	0	1832	1832	Georg Christian Apel	33	Vollständiges Choralbuch zum Schleswig-Holstein’schen Gesangbuche		Der Herr liebt unser Leben						2021-01-25	3.02	Microsoft Windows			Vollständiges Choralbuch zum Schleswig-Holstein’schen Gesangbuche	Der Herr liebt unser Leben	Georg Christian Apel	3.6.2	2.5.3	1832_VollständigesChoralbuch/Analysis-MusiCAU	1832_VollständigesChoralbuch/Analysis-MusiCAU/A-MCAU_AP1832-034_SID033.mscx	False	43-74 (G2-D5)	Piano	59-74 (B3-D5)	Piano	43-64 (G2-E4)
A-MCAU_AP1832-035_SID087	1: 4/4	1: 1	29	29	112.0	29	29	112.0		448.0	218	62	0	0	0	1832	1832	Georg Christian Apel	87	Vollständiges Choralbuch zum Schleswig-Holstein’schen Gesangbuche		Der Wollust Reiz zu widerstreben						2020-12-22	3.02	Microsoft Windows			Vollständiges Choralbuch zum Schleswig-Holstein’schen Gesangbuche	Der Wollust Reiz zu widerstreben	Georg Christian Apel	3.6.2	2.5.3	1832_VollständigesChoralbuch/Analysis-MusiCAU	1832_VollständigesChoralbuch/Analysis-MusiCAU/A-MCAU_AP1832-035_SID087.mscx	False	43-74 (G2-D5)	Piano	59-74 (B3-D5)	Piano	43-64 (G2-E4)
A-MCAU_AP1832-040_SID016	1: 4/4	1: 0	19	19	72.0	19	19	72.0		288.0	147	40	0	0	0	1832	1832	Georg Christian Apel	16	Vollständiges Choralbuch zum Schleswig-Holstein’schen Gesangbuche		Dies sind die Rechte						2021-01-25	3.02	Microsoft Windows			Vollständiges Choralbuch zum Schleswig-Holstein’schen Gesangbuche	Dies sind die Rechte	Georg Christian Apel	3.6.2	2.5.3	1832_VollständigesChoralbuch/Analysis-MusiCAU	1832_VollständigesChoralbuch/Analysis-MusiCAU/A-MCAU_AP1832-040_SID016.mscx	False	43-74 (G2-D5)	Piano	62-74 (D4-D5)	Piano	43-65 (G2-F4)
A-MCAU_AP1832-042_SID023	1: 4/4	1: 2	26	26	96.0	35	35	128.0		384.0	187	56	0	0	0	1832	1832	Georg Christian Apel	23	Vollständiges Choralbuch zum Schleswig-Holstein’schen Gesangbuche		Du bist ein Mensch						2021-01-25	3.02	Microsoft Windows			Vollständiges Choralbuch zum Schleswig-Holstein’schen Gesangbuche	Du bist ein Mensch	Georg Christian Apel	3.6.2	2.5.3	1832_VollständigesChoralbuch/Analysis-MusiCAU	1832_VollständigesChoralbuch/Analysis-MusiCAU/A-MCAU_AP1832-042_SID023.mscx	False	43-74 (G2-D5)	Piano	61-74 (C#4-D5)	Piano	43-64 (G2-E4)
A-MCAU_AP1832-043_SID062	1: 4/4	1: 1	17	17	64.0	17	17	64.0		256.0	123	41	0	0	0	1832	1832	Georg Christian Apel	62	Vollständiges Choralbuch zum Schleswig-Holstein’schen Gesangbuche		Du bist erblasst						2021-01-25	3.02	Microsoft Windows			Vollständiges Choralbuch zum Schleswig-Holstein’schen Gesangbuche	Du bist erblasst	Georg Christian Apel	3.6.2	2.5.3	1832_VollständigesChoralbuch/Analysis-MusiCAU	1832_VollständigesChoralbuch/Analysis-MusiCAU/A-MCAU_AP1832-043_SID062.mscx	False	43-72 (G2-C5)	Piano	58-72 (A#3-C5)	Piano	43-62 (G2-D4)
A-MCAU_AP1832-046b_SID017	1: 4/4	1: 0	27	27	100.0	36	36	132.0		400.0	207	65	0	0	0	1832	1832	Georg Christian Apel	17	Vollständiges Choralbuch zum Schleswig-Holstein’schen Gesangbuche		Durch Adams Sünde wurden wir						2021-01-25	3.02	Microsoft Windows			Vollständiges Choralbuch zum Schleswig-Holstein’schen Gesangbuche	Durch Adams Sünde wurden wir	Georg Christian Apel	3.6.2	2.5.3	1832_VollständigesChoralbuch/Analysis-MusiCAU	1832_VollständigesChoralbuch/Analysis-MusiCAU/A-MCAU_AP1832-046b_SID017.mscx	False	43-76 (G2-E5)	Piano	60-76 (C4-E5)	Piano	43-65 (G2-F4)
A-MCAU_AP1832-047_SID018	1: 4/4	1: 0	26	26	96.0	35	35	128.0		384.0	200	61	0	0	0	1832	1832	Georg Christian Apel	18	Vollständiges Choralbuch zum Schleswig-Holstein’schen Gesangbuche		Ein' feste Burg ist unser Gott						2021-01-25	3.02	Microsoft Windows			Vollständiges Choralbuch zum Schleswig-Holstein’schen Gesangbuche	Ein' feste Burg ist unser Gott	Georg Christian Apel	3.6.2	2.5.3	1832_VollständigesChoralbuch/Analysis-MusiCAU	1832_VollständigesChoralbuch/Analysis-MusiCAU/A-MCAU_AP1832-047_SID018.mscx	False	43-72 (G2-C5)	Piano	57-72 (A3-C5)	Piano	43-64 (G2-E4)
A-MCAU_AP1832-048_SID020	1: 4/4	1: -1	34	34	128.0	43	43	160.0		512.0	265	80	0	0	0	1832	1832	Georg Christian Apel	20	Vollständiges Choralbuch zum Schleswig-Holstein’schen Gesangbuche		Ein Lamm geht hin						2021-01-25	3.02	Microsoft Windows			Vollständiges Choralbuch zum Schleswig-Holstein’schen Gesangbuche	Ein Lamm geht hin	Georg Christian Apel	3.6.2	2.5.3	1832_VollständigesChoralbuch/Analysis-MusiCAU	1832_VollständigesChoralbuch/Analysis-MusiCAU/A-MCAU_AP1832-048_SID020.mscx	False	43-74 (G2-D5)	Piano	58-74 (Bb3-D5)	Piano	43-63 (G2-Eb4)
A-MCAU_AP1832-050_SID015	1: 4/4	1: -1	29	29	110.0	39	39	146.0		440.0	222	68	0	0	0	1832	1832	Georg Christian Apel	15	Vollständiges Choralbuch zum Schleswig-Holstein’schen Gesangbuche		Entehre nicht, mein Herz, mit Klagen						2021-01-25	3.02	Microsoft Windows			Vollständiges Choralbuch zum Schleswig-Holstein’schen Gesangbuche	Entehre nicht, mein Herz, mit Klagen	Georg Christian Apel	3.6.2	2.5.3	1832_VollständigesChoralbuch/Analysis-MusiCAU	1832_VollständigesChoralbuch/Analysis-MusiCAU/A-MCAU_AP1832-050_SID015.mscx	False	43-74 (G2-D5)	Piano	57-74 (A3-D5)	Piano	43-62 (G2-D4)
A-MCAU_AP1832-051_SID022	1: 4/4	1: 1	17	17	66.0	17	17	66.0		264.0	135	40	0	0	0	1832	1832	Georg Christian Apel	22	Vollständiges Choralbuch zum Schleswig-Holstein’schen Gesangbuche		Erhalt uns Herr bei deinem Wort						2021-01-25	3.02	Microsoft Windows			Vollständiges Choralbuch zum Schleswig-Holstein’schen Gesangbuche	Erhalt uns Herr bei deinem Wort	Georg Christian Apel	3.6.2	2.5.3	1832_VollständigesChoralbuch/Analysis-MusiCAU	1832_VollständigesChoralbuch/Analysis-MusiCAU/A-MCAU_AP1832-051_SID022.mscx	False	43-74 (G2-D5)	Piano	55-74 (G3-D5)	Piano	43-64 (G2-E4)
A-MCAU_AP1832-054_SID027	1: 4/4	1: 1	22	22	80.0	31	31	112.0		320.0	166	49	0	0	0	1832	1832	Georg Christian Apel	27	Vollständiges Choralbuch zum Schleswig-Holstein’schen Gesangbuche		Erkühnt sich schon der Gleissner Mund						2021-01-25	3.02	Microsoft Windows			Vollständiges Choralbuch zum Schleswig-Holstein’schen Gesangbuche	Erkühnt sich schon der Gleissner Mund	Georg Christian Apel	3.6.2	2.5.3	1832_VollständigesChoralbuch/Analysis-MusiCAU	1832_VollständigesChoralbuch/Analysis-MusiCAU/A-MCAU_AP1832-054_SID027.mscx	False	43-74 (G2-D5)	Piano	57-74 (A3-D5)	Piano	43-64 (G2-E4)
A-MCAU_AP1832-055_SID024	1: 4/4	1: 0	19	19	72.0	19	19	72.0		288.0	157	48	0	0	0	1832	1832	Georg Christian Apel	24	Vollständiges Choralbuch zum Schleswig-Holstein’schen Gesangbuche		Erschienen ist der Siegestag						2021-01-25	3.02	Microsoft Windows			Vollständiges Choralbuch zum Schleswig-Holstein’schen Gesangbuche	Erschienen ist der Siegestag	Georg Christian Apel	3.6.2	2.5.3	1832_VollständigesChoralbuch/Analysis-MusiCAU	1832_VollständigesChoralbuch/Analysis-MusiCAU/A-MCAU_AP1832-055_SID024.mscx	False	43-74 (G2-D5)	Piano	57-74 (A3-D5)	Piano	43-62 (G2-D4)
A-MCAU_AP1832-057_SID028	1: 4/4	1: 0	31	31	116.0	40	40	148.0		464.0	244	77	0	0	0	1832	1832	Georg Christian Apel	28	Vollständiges Choralbuch zum Schleswig-Holstein’schen Gesangbuche		Es wolle Gott uns gnädig seyn						2021-01-25	3.02	Microsoft Windows			Vollständiges Choralbuch zum Schleswig-Holstein’schen Gesangbuche	Es wolle Gott uns gnädig seyn	Georg Christian Apel	3.6.2	2.5.3	1832_VollständigesChoralbuch/Analysis-MusiCAU	1832_VollständigesChoralbuch/Analysis-MusiCAU/A-MCAU_AP1832-057_SID028.mscx	False	45-74 (A2-D5)	Piano	57-74 (A3-D5)	Piano	45-64 (A2-E4)
A-MCAU_AP1832-058_SID029	1: 4/4	1: -1	27	27	108.0	36	36	144.0		432.0	198	61	0	0	0	1832	1832	Georg Christian Apel	29	Vollständiges Choralbuch zum Schleswig-Holstein’schen Gesangbuche		Freue dich, o meine Seele						2021-01-25	3.02	Microsoft Windows			Vollständiges Choralbuch zum Schleswig-Holstein’schen Gesangbuche	Freue dich, o meine Seele	Georg Christian Apel	3.6.2	2.5.3	1832_VollständigesChoralbuch/Analysis-MusiCAU	1832_VollständigesChoralbuch/Analysis-MusiCAU/A-MCAU_AP1832-058_SID029.mscx	False	43-74 (G2-D5)	Piano	57-74 (A3-D5)	Piano	43-64 (G2-E4)
A-MCAU_AP1832-062_SID030	1: 4/4	1: 0	19	19	72.0	19	19	72.0		288.0	147	44	0	0	0	1832	1832	Georg Christian Apel	30	Vollständiges Choralbuch zum Schleswig-Holstein’schen Gesangbuche		Gelobet seyst du Jesu Christ						2021-01-25	3.02	Microsoft Windows			Vollständiges Choralbuch zum Schleswig-Holstein’schen Gesangbuche	Gelobet seyst du Jesu Christ	Georg Christian Apel	3.6.2	2.5.3	1832_VollständigesChoralbuch/Analysis-MusiCAU	1832_VollständigesChoralbuch/Analysis-MusiCAU/A-MCAU_AP1832-062_SID030.mscx	False	43-76 (G2-E5)	Piano	59-76 (B3-E5)	Piano	43-62 (G2-D4)
A-MCAU_AP1832-065_SID050	1: 4/4	1: 0	23	23	88.0	23	23	88.0		352.0	173	52	0	0	0	1832	1832	Georg Christian Apel	50	Vollständiges Choralbuch zum Schleswig-Holstein’schen Gesangbuche		Getrost und freudig geh ich hin						2021-01-25	3.02	Microsoft Windows			Vollständiges Choralbuch zum Schleswig-Holstein’schen Gesangbuche	Getrost und freudig geh ich hin	Georg Christian Apel	3.6.2	2.5.3	1832_VollständigesChoralbuch/Analysis-MusiCAU	1832_VollständigesChoralbuch/Analysis-MusiCAU/A-MCAU_AP1832-065_SID050.mscx	False	43-74 (G2-D5)	Piano	59-74 (B3-D5)	Piano	43-62 (G2-D4)
A-MCAU_AP1832-067_SID031	1: 4/4	1: 2	32	32	128.0	56	56	224.0		512.0	256	74	0	0	0	1832	1832	Georg Christian Apel	31	Vollständiges Choralbuch zum Schleswig-Holstein’schen Gesangbuche		Gott der Vater wohn' uns bei						2021-01-25	3.02	Microsoft Windows			Vollständiges Choralbuch zum Schleswig-Holstein’schen Gesangbuche	Gott der Vater wohn' uns bei	Georg Christian Apel	3.6.2	2.5.3	1832_VollständigesChoralbuch/Analysis-MusiCAU	1832_VollständigesChoralbuch/Analysis-MusiCAU/A-MCAU_AP1832-067_SID031.mscx	False	43-76 (G2-E5)	Piano	57-76 (A3-E5)	Piano	43-64 (G2-E4)
A-MCAU_AP1832-068a_SID032	1: 4/4	1: 1	17	17	68.0	26	26	104.0		272.0	128	42	0	0	0	1832	1832	Georg Christian Apel	32	Vollständiges Choralbuch zum Schleswig-Holstein’schen Gesangbuche		Gott des Himmels und der Erde						2021-01-25	3.02	Microsoft Windows			Vollständiges Choralbuch zum Schleswig-Holstein’schen Gesangbuche	Gott des Himmels und der Erde	Georg Christian Apel	3.6.2	2.5.3	1832_VollständigesChoralbuch/Analysis-MusiCAU	1832_VollständigesChoralbuch/Analysis-MusiCAU/A-MCAU_AP1832-068a_SID032.mscx	False	43-74 (G2-D5)	Piano	59-74 (B3-D5)	Piano	43-62 (G2-D4)
A-MCAU_AP1832-069_SID040	1: 4/4	1: 0	19	19	74.0	19	19	74.0		296.0	148	41	0	0	0	1832	1832	Georg Christian Apel	40	Vollständiges Choralbuch zum Schleswig-Holstein’schen Gesangbuche		Gott hab ich alles heimgestellt						2021-01-25	3.02	Microsoft Windows			Vollständiges Choralbuch zum Schleswig-Holstein’schen Gesangbuche	Gott hab ich alles heimgestellt	Georg Christian Apel	3.6.2	2.5.3	1832_VollständigesChoralbuch/Analysis-MusiCAU	1832_VollständigesChoralbuch/Analysis-MusiCAU/A-MCAU_AP1832-069_SID040.mscx	False	43-74 (G2-D5)	Piano	60-74 (C4-D5)	Piano	43-64 (G2-E4)
A-MCAU_AP1832-074_SID085	1: 4/4	1: -2	22	22	80.0	31	31	112.0		320.0	159	50	0	0	0	1832	1832	Georg Christian Apel	85	Vollständiges Choralbuch zum Schleswig-Holstein’schen Gesangbuche		Halt im Gedächtnis Jesum Christ						2021-01-25	3.02	Microsoft Windows			Vollständiges Choralbuch zum Schleswig-Holstein’schen Gesangbuche	Halt im Gedächtnis Jesum Christ	Georg Christian Apel	3.6.2	2.5.3	1832_VollständigesChoralbuch/Analysis-MusiCAU	1832_VollständigesChoralbuch/Analysis-MusiCAU/A-MCAU_AP1832-074_SID085.mscx	False	43-74 (G2-D5)	Piano	58-74 (Bb3-D5)	Piano	43-63 (G2-Eb4)
A-MCAU_AP1832-075_SID034	1: 4/4	1: 0	231	231	914.0	231	231	914.0		3656.0	1773	521	0	0	0	1832	1832	Georg Christian Apel	34	Vollständiges Choralbuch zum Schleswig-Holstein’schen Gesangbuche		Herr Gott dich loben wir						2021-01-25	3.02	Microsoft Windows			Vollständiges Choralbuch zum Schleswig-Holstein’schen Gesangbuche	Herr Gott dich loben wir	Georg Christian Apel	3.6.2	2.5.3	1832_VollständigesChoralbuch/Analysis-MusiCAU	1832_VollständigesChoralbuch/Analysis-MusiCAU/A-MCAU_AP1832-075_SID034.mscx	False	43-74 (G2-D5)	Piano	57-74 (A3-D5)	Piano	43-65 (G2-F4)
A-MCAU_AP1832-077_SID088	1: 4/4	1: 1	19	19	76.0	28	28	112.0		304.0	138	43	0	0	0	1832	1832	Georg Christian Apel	88	Vollständiges Choralbuch zum Schleswig-Holstein’schen Gesangbuche		Herr ich habe missgehandelt						2020-12-22	3.02	Microsoft Windows			Vollständiges Choralbuch zum Schleswig-Holstein’schen Gesangbuche	Herr ich habe missgehandelt	Georg Christian Apel	3.6.2	2.5.3	1832_VollständigesChoralbuch/Analysis-MusiCAU	1832_VollständigesChoralbuch/Analysis-MusiCAU/A-MCAU_AP1832-077_SID088.mscx	False	43-74 (G2-D5)	Piano	59-74 (B3-D5)	Piano	43-60 (G2-C4)
A-MCAU_AP1832-078_SID036	1: 4/4	1: 1	17	17	64.0	17	17	64.0		256.0	138	42	0	0	0	1832	1832	Georg Christian Apel	36	Vollständiges Choralbuch zum Schleswig-Holstein’schen Gesangbuche		Herr Jesu Christ, dein theures Blut						2021-01-25	3.02	Microsoft Windows			Vollständiges Choralbuch zum Schleswig-Holstein’schen Gesangbuche	Herr Jesu Christ, dein theures Blut	Georg Christian Apel	3.6.2	2.5.3	1832_VollständigesChoralbuch/Analysis-MusiCAU	1832_VollständigesChoralbuch/Analysis-MusiCAU/A-MCAU_AP1832-078_SID036.mscx	False	43-72 (G2-C5)	Piano	57-72 (A3-C5)	Piano	43-64 (G2-E4)
A-MCAU_AP1832-079a_SID035	1: 4/4	1: -1	17	17	64.0	17	17	64.0		256.0	137	42	0	0	0	1832	1832	Georg Christian Apel	35	Vollständiges Choralbuch zum Schleswig-Holstein’schen Gesangbuche		Herr Jesu Christ dich zu uns wend'						2021-01-25	3.02	Microsoft Windows			Vollständiges Choralbuch zum Schleswig-Holstein’schen Gesangbuche	Herr Jesu Christ dich zu uns wend'	Georg Christian Apel	3.6.2	2.5.3	1832_VollständigesChoralbuch/Analysis-MusiCAU	1832_VollständigesChoralbuch/Analysis-MusiCAU/A-MCAU_AP1832-079a_SID035.mscx	False	45-74 (A2-D5)	Piano	57-74 (A3-D5)	Piano	45-62 (A2-D4)
A-MCAU_AP1832-080a_SID037	1: 4/4	1: 0	22	22	80.0	31	31	112.0		320.0	160	45	0	0	0	1832	1832	Georg Christian Apel	37	Vollständiges Choralbuch zum Schleswig-Holstein’schen Gesangbuche		Herr Jesu Christ, du höchstes Gut						2021-01-25	3.02	Microsoft Windows			Vollständiges Choralbuch zum Schleswig-Holstein’schen Gesangbuche	Herr Jesu Christ, du höchstes Gut	Georg Christian Apel	3.6.2	2.5.3	1832_VollständigesChoralbuch/Analysis-MusiCAU	1832_VollständigesChoralbuch/Analysis-MusiCAU/A-MCAU_AP1832-080a_SID037.mscx	False	44-76 (G#2-E5)	Piano	59-76 (B3-E5)	Piano	44-62 (G#2-D4)
A-MCAU_AP1832-083_SID013	1: 4/4	1: 2	15	15	56.0	15	15	56.0		224.0	108	33	0	0	0	1832	1832	Georg Christian Apel	13	Vollständiges Choralbuch zum Schleswig-Holstein’schen Gesangbuche		Ja, Christus ist mein Leben						2021-01-25	3.02	Microsoft Windows			Vollständiges Choralbuch zum Schleswig-Holstein’schen Gesangbuche	Ja, Christus ist mein Leben	Georg Christian Apel	3.6.2	2.5.3	1832_VollständigesChoralbuch/Analysis-MusiCAU	1832_VollständigesChoralbuch/Analysis-MusiCAU/A-MCAU_AP1832-083_SID013.mscx	False	43-74 (G2-D5)	Piano	57-74 (A3-D5)	Piano	43-66 (G2-F#4)
A-MCAU_AP1832-086_SID096	1: 4/4	1: 0	40	40	152.0	57	57	216.0		608.0	312	97	0	0	0	1832	1832	Georg Christian Apel	96	Vollständiges Choralbuch zum Schleswig-Holstein’schen Gesangbuche		Ich glaub an Gott, den Einigen						2021-02-21		Microsoft Windows			Vollständiges Choralbuch zum Schleswig-Holstein’schen Gesangbuche	Ich glaub an Gott, den Einigen	Georg Christian Apel	3.6.2	2.5.3	1832_VollständigesChoralbuch/Analysis-MusiCAU	1832_VollständigesChoralbuch/Analysis-MusiCAU/A-MCAU_AP1832-086_SID096.mscx	False	43-76 (G2-E5)	Piano	57-76 (A3-E5)	Piano	43-64 (G2-E4)
A-MCAU_AP1832-087_SID046	1: 4/4	1: -2	25	25	96.0	25	25	96.0		384.0	213	71	0	0	0	1832	1832	Georg Christian Apel	46	Vollständiges Choralbuch zum Schleswig-Holstein’schen Gesangbuche		Ich komme, Herr, mein Gott zu dir						2021-01-25	3.02	Microsoft Windows			Vollständiges Choralbuch zum Schleswig-Holstein’schen Gesangbuche	Ich komme, Herr, mein Gott zu dir	Georg Christian Apel	3.6.2	2.5.3	1832_VollständigesChoralbuch/Analysis-MusiCAU	1832_VollständigesChoralbuch/Analysis-MusiCAU/A-MCAU_AP1832-087_SID046.mscx	False	43-74 (G2-D5)	Piano	58-74 (Bb3-D5)	Piano	43-65 (G2-F4)
A-MCAU_AP1832-088_SID041	1: 4/4	1: -1	35	35	136.0	35	35	136.0		544.0	293	95	0	0	0	1832	1832	Georg Christian Apel	41	Vollständiges Choralbuch zum Schleswig-Holstein’schen Gesangbuche		Ich ruf zu dir, Herr Jesu Christ						2021-01-25	3.02	Microsoft Windows			Vollständiges Choralbuch zum Schleswig-Holstein’schen Gesangbuche	Ich ruf zu dir, Herr Jesu Christ	Georg Christian Apel	3.6.2	2.5.3	1832_VollständigesChoralbuch/Analysis-MusiCAU	1832_VollständigesChoralbuch/Analysis-MusiCAU/A-MCAU_AP1832-088_SID041.mscx	False	43-74 (G2-D5)	Piano	59-74 (B3-D5)	Piano	43-62 (G2-D4)
A-MCAU_AP1832-089_SID021	1: 4/4	1: 0	27	27	100.0	36	36	132.0		400.0	217	70	0	0	0	1832	1832	Georg Christian Apel	21	Vollständiges Choralbuch zum Schleswig-Holstein’schen Gesangbuche		Ich Staub vom Staube						2021-01-25	3.02	Microsoft Windows			Vollständiges Choralbuch zum Schleswig-Holstein’schen Gesangbuche	Ich Staub vom Staube	Georg Christian Apel	3.6.2	2.5.3	1832_VollständigesChoralbuch/Analysis-MusiCAU	1832_VollständigesChoralbuch/Analysis-MusiCAU/A-MCAU_AP1832-089_SID021.mscx	False	43-72 (G2-C5)	Piano	57-72 (A3-C5)	Piano	43-64 (G2-E4)
A-MCAU_AP1832-091_SID043	1: 4/4	1: -3	24	24	96.0	35	35	140.0		384.0	164	54	0	0	0	1832	1832	Georg Christian Apel	43	Vollständiges Choralbuch zum Schleswig-Holstein’schen Gesangbuche		Jesu meine Freude						2021-01-25	3.02	Microsoft Windows			Vollständiges Choralbuch zum Schleswig-Holstein’schen Gesangbuche	Jesu meine Freude	Georg Christian Apel	3.6.2	2.5.3	1832_VollständigesChoralbuch/Analysis-MusiCAU	1832_VollständigesChoralbuch/Analysis-MusiCAU/A-MCAU_AP1832-091_SID043.mscx	False	43-75 (G2-Eb5)	Piano	58-75 (Bb3-Eb5)	Piano	43-62 (G2-D4)
A-MCAU_AP1832-092a_SID095	1: 4/4	1: 2	25	25	100.0	34	34	136.0		400.0	202	68	0	0	0	1832	1832	Georg Christian Apel	95	Vollständiges Choralbuch zum Schleswig-Holstein’schen Gesangbuche		Jesu meines Lebens Leben						2021-02-21		Microsoft Windows			Vollständiges Choralbuch zum Schleswig-Holstein’schen Gesangbuche	Jesu meines Lebens Leben	Georg Christian Apel	3.6.2	2.5.3	1832_VollständigesChoralbuch/Analysis-MusiCAU	1832_VollständigesChoralbuch/Analysis-MusiCAU/A-MCAU_AP1832-092a_SID095.mscx	False	43-74 (G2-D5)	Piano	57-74 (A3-D5)	Piano	43-59 (G2-B3)
A-MCAU_AP1832-093_SID044	1: 4/4	1: -2	20	20	80.0	20	20	80.0		320.0	144	44	0	0	0	1832	1832	Georg Christian Apel	44	Vollständiges Choralbuch zum Schleswig-Holstein’schen Gesangbuche		Jesus Christus unser Heiland, der den Tod						2021-01-25	3.02	Microsoft Windows			Vollständiges Choralbuch zum Schleswig-Holstein’schen Gesangbuche	Jesus Christus unser Heiland, der den Tod	Georg Christian Apel	3.6.2	2.5.3	1832_VollständigesChoralbuch/Analysis-MusiCAU	1832_VollständigesChoralbuch/Analysis-MusiCAU/A-MCAU_AP1832-093_SID044.mscx	False	43-70 (G2-Bb4)	Piano	58-70 (Bb3-Bb4)	Piano	43-60 (G2-C4)
A-MCAU_AP1832-095a_SID089	1: 4/4	1: -1	17	17	68.0	26	26	104.0		272.0	121	33	0	0	0	1832	1832	Georg Christian Apel	89	Vollständiges Choralbuch zum Schleswig-Holstein’schen Gesangbuche		Jesus meine Zuversicht						2020-12-22	3.02	Microsoft Windows			Vollständiges Choralbuch zum Schleswig-Holstein’schen Gesangbuche	Jesus meine Zuversicht	Georg Christian Apel	3.6.2	2.5.3	1832_VollständigesChoralbuch/Analysis-MusiCAU	1832_VollständigesChoralbuch/Analysis-MusiCAU/A-MCAU_AP1832-095a_SID089.mscx	False	45-74 (A2-D5)	Piano	64-74 (E4-D5)	Piano	45-63 (A2-Eb4)
A-MCAU_AP1832-096_SID058	1: 4/4	1: 1	24	24	92.0	24	24	92.0		368.0	198	65	0	0	0	1832	1832	Georg Christian Apel	58	Vollständiges Choralbuch zum Schleswig-Holstein’schen Gesangbuche		In allen meinen Thaten						2021-01-25	3.02	Microsoft Windows			Vollständiges Choralbuch zum Schleswig-Holstein’schen Gesangbuche	In allen meinen Thaten	Georg Christian Apel	3.6.2	2.5.3	1832_VollständigesChoralbuch/Analysis-MusiCAU	1832_VollständigesChoralbuch/Analysis-MusiCAU/A-MCAU_AP1832-096_SID058.mscx	False	43-74 (G2-D5)	Piano	61-74 (C#4-D5)	Piano	43-64 (G2-E4)
A-MCAU_AP1832-097_SID045	1: 4/4	1: -1	43	43	168.0	43	43	168.0		672.0	342	108	0	0	0	1832	1832	Georg Christian Apel	45	Vollständiges Choralbuch zum Schleswig-Holstein’schen Gesangbuche		Komm, heiliger Geist, Herre Gott!						2021-01-25	3.02	Microsoft Windows			Vollständiges Choralbuch zum Schleswig-Holstein’schen Gesangbuche	Komm, heiliger Geist, Herre Gott!	Georg Christian Apel	3.6.2	2.5.3	1832_VollständigesChoralbuch/Analysis-MusiCAU	1832_VollständigesChoralbuch/Analysis-MusiCAU/A-MCAU_AP1832-097_SID045.mscx	False	43-74 (G2-D5)	Piano	57-74 (A3-D5)	Piano	43-62 (G2-D4)
A-MCAU_AP1832-100_SID064	1: 4/4	1: 2	40	40	160.0	40	40	160.0		640.0	265	76	0	0	0	1832	1832	Georg Christian Apel	64	Vollständiges Choralbuch zum Schleswig-Holstein’schen Gesangbuche		Lasset uns beweinen						2021-01-25	3.02	Microsoft Windows			Vollständiges Choralbuch zum Schleswig-Holstein’schen Gesangbuche	Lasset uns beweinen	Georg Christian Apel	3.6.2	2.5.3	1832_VollständigesChoralbuch/Analysis-MusiCAU	1832_VollständigesChoralbuch/Analysis-MusiCAU/A-MCAU_AP1832-100_SID064.mscx	False	43-74 (G2-D5)	Piano	59-74 (B3-D5)	Piano	43-64 (G2-E4)
A-MCAU_AP1832-102_SID047	1: 4/4	1: 1	18	18	72.0	27	27	108.0		288.0	139	45	0	0	0	1832	1832	Georg Christian Apel	47	Vollständiges Choralbuch zum Schleswig-Holstein’schen Gesangbuche		Liebster Jesu, wir sind hier						2021-01-25	3.02	Microsoft Windows			Vollständiges Choralbuch zum Schleswig-Holstein’schen Gesangbuche	Liebster Jesu, wir sind hier	Georg Christian Apel	3.6.2	2.5.3	1832_VollständigesChoralbuch/Analysis-MusiCAU	1832_VollständigesChoralbuch/Analysis-MusiCAU/A-MCAU_AP1832-102_SID047.mscx	False	43-74 (G2-D5)	Piano	59-74 (B3-D5)	Piano	43-64 (G2-E4)
A-MCAU_AP1832-105_SID025	1: 4/4	1: 2	22	22	80.0	31	31	112.0		320.0	180	55	0	0	0	1832	1832	Georg Christian Apel	25	Vollständiges Choralbuch zum Schleswig-Holstein’schen Gesangbuche		Lob, Ehr und Preis dem höchsten Gut						2021-01-25	3.02	Microsoft Windows			Vollständiges Choralbuch zum Schleswig-Holstein’schen Gesangbuche	Lob, Ehr und Preis dem höchsten Gut	Georg Christian Apel	3.6.2	2.5.3	1832_VollständigesChoralbuch/Analysis-MusiCAU	1832_VollständigesChoralbuch/Analysis-MusiCAU/A-MCAU_AP1832-105_SID025.mscx	False	43-74 (G2-D5)	Piano	57-74 (A3-D5)	Piano	43-64 (G2-E4)
A-MCAU_AP1832-109_SID048	1: 4/4	1: -1	15	15	56.0	15	15	56.0		224.0	120	37	0	0	0	1832	1832	Georg Christian Apel	48	Vollständiges Choralbuch zum Schleswig-Holstein’schen Gesangbuche		Lobt Gott ihr Christen allzugleich						2021-01-25	3.02	Microsoft Windows			Vollständiges Choralbuch zum Schleswig-Holstein’schen Gesangbuche	Lobt Gott ihr Christen allzugleich	Georg Christian Apel	3.6.2	2.5.3	1832_VollständigesChoralbuch/Analysis-MusiCAU	1832_VollständigesChoralbuch/Analysis-MusiCAU/A-MCAU_AP1832-109_SID048.mscx	False	45-74 (A2-D5)	Piano	60-74 (C4-D5)	Piano	45-62 (A2-D4)
A-MCAU_AP1832-110_SID076	1: 4/4	1: -2	13	13	48.0	13	13	48.0		192.0	97	30	0	0	0	1832	1832	Georg Christian Apel	76	Vollständiges Choralbuch zum Schleswig-Holstein’schen Gesangbuche		Lobt unsern Gott mit fröhlichem Gemüthe						2021-01-25	3.02	Microsoft Windows			Vollständiges Choralbuch zum Schleswig-Holstein’schen Gesangbuche	Lobt unsern Gott mit fröhlichem Gemüthe	Georg Christian Apel	3.6.2	2.5.3	1832_VollständigesChoralbuch/Analysis-MusiCAU	1832_VollständigesChoralbuch/Analysis-MusiCAU/A-MCAU_AP1832-110_SID076.mscx	False	43-74 (G2-D5)	Piano	58-74 (Bb3-D5)	Piano	43-58 (G2-Bb3)
A-MCAU_AP1832-111_SID068	1: 4/4	1: 2	20	20	80.0	28	28	112.0		320.0	133	37	0	0	0	1832	1832	Georg Christian Apel	68	Vollständiges Choralbuch zum Schleswig-Holstein’schen Gesangbuche		Mache dich mein Geist bereit						2021-01-25	3.02	Microsoft Windows			Vollständiges Choralbuch zum Schleswig-Holstein’schen Gesangbuche	Mache dich mein Geist bereit	Georg Christian Apel	3.6.2	2.5.3	1832_VollständigesChoralbuch/Analysis-MusiCAU	1832_VollständigesChoralbuch/Analysis-MusiCAU/A-MCAU_AP1832-111_SID068.mscx	False	43-74 (G2-D5)	Piano	61-74 (C#4-D5)	Piano	43-61 (G2-C#4)
A-MCAU_AP1832-112_SID093	1: 4/4	1: 2	18	18	70.0	26	26	102.0		280.0	145	45	0	0	0	1832	1832	Georg Christian Apel	93	Vollständiges Choralbuch zum Schleswig-Holstein’schen Gesangbuche		Machs mit mir Gott						2021-02-21		Microsoft Windows			Vollständiges Choralbuch zum Schleswig-Holstein’schen Gesangbuche	Machs mit mir Gott	Georg Christian Apel	3.6.2	2.5.3	1832_VollständigesChoralbuch/Analysis-MusiCAU	1832_VollständigesChoralbuch/Analysis-MusiCAU/A-MCAU_AP1832-112_SID093.mscx	False	45-74 (A2-D5)	Piano	57-74 (A3-D5)	Piano	45-62 (A2-D4)
A-MCAU_AP1832-114_SID059	1: 4/4	1: 2	22	22	80.0	35	35	128.0		320.0	162	49	0	0	0	1832	1832	Georg Christian Apel	59	Vollständiges Choralbuch zum Schleswig-Holstein’schen Gesangbuche		Mein Glaub' ist meines Lebens Ruh						2021-01-25	3.02	Microsoft Windows			Vollständiges Choralbuch zum Schleswig-Holstein’schen Gesangbuche	Mein Glaub' ist meines Lebens Ruh	Georg Christian Apel	3.6.2	2.5.3	1832_VollständigesChoralbuch/Analysis-MusiCAU	1832_VollständigesChoralbuch/Analysis-MusiCAU/A-MCAU_AP1832-114_SID059.mscx	False	43-74 (G2-D5)	Piano	57-74 (A3-D5)	Piano	43-64 (G2-E4)
A-MCAU_AP1832-115a_SID049	1: 4/4	1: 0	37	37	140.0	47	47	176.0		560.0	286	87	0	0	0	1832	1832	Georg Christian Apel	49	Vollständiges Choralbuch zum Schleswig-Holstein’schen Gesangbuche		Mein Heiland nimmt die Sünder an						2021-01-25	3.02	Microsoft Windows			Vollständiges Choralbuch zum Schleswig-Holstein’schen Gesangbuche	Mein Heiland nimmt die Sünder an	Georg Christian Apel	3.6.2	2.5.3	1832_VollständigesChoralbuch/Analysis-MusiCAU	1832_VollständigesChoralbuch/Analysis-MusiCAU/A-MCAU_AP1832-115a_SID049.mscx	False	43-76 (G2-E5)	Piano	57-76 (A3-E5)	Piano	43-62 (G2-D4)
A-MCAU_AP1832-118_SID065	1: 4/4	1: 2	29	29	116.0	39	39	156.0		464.0	212	72	0	0	0	1832	1832	Georg Christian Apel	65	Vollständiges Choralbuch zum Schleswig-Holstein’schen Gesangbuche		Müde sündenvolle Seele						2021-01-25	3.02	Microsoft Windows			Vollständiges Choralbuch zum Schleswig-Holstein’schen Gesangbuche	Müde sündenvolle Seele	Georg Christian Apel	3.6.2	2.5.3	1832_VollständigesChoralbuch/Analysis-MusiCAU	1832_VollständigesChoralbuch/Analysis-MusiCAU/A-MCAU_AP1832-118_SID065.mscx	False	43-74 (G2-D5)	Piano	57-74 (A3-D5)	Piano	43-64 (G2-E4)
A-MCAU_AP1832-121_SID052	1: 4/4	1: 1	26	26	100.0	26	26	100.0		400.0	191	58	0	0	0	1832	1832	Georg Christian Apel	52	Vollständiges Choralbuch zum Schleswig-Holstein’schen Gesangbuche		Nun bitten wir den heil'gen Geist						2021-01-25	3.02	Microsoft Windows			Vollständiges Choralbuch zum Schleswig-Holstein’schen Gesangbuche	Nun bitten wir den heil'gen Geist	Georg Christian Apel	3.6.2	2.5.3	1832_VollständigesChoralbuch/Analysis-MusiCAU	1832_VollständigesChoralbuch/Analysis-MusiCAU/A-MCAU_AP1832-121_SID052.mscx	False	43-76 (G2-E5)	Piano	59-76 (B3-E5)	Piano	43-64 (G2-E4)
A-MCAU_AP1832-122_SID053	1: 4/4	1: -1	21	21	76.0	29	29	104.0		304.0	155	45	0	0	0	1832	1832	Georg Christian Apel	53	Vollständiges Choralbuch zum Schleswig-Holstein’schen Gesangbuche		Nun danket alle Gott						2021-01-25	3.02	Microsoft Windows			Vollständiges Choralbuch zum Schleswig-Holstein’schen Gesangbuche	Nun danket alle Gott	Georg Christian Apel	3.6.2	2.5.3	1832_VollständigesChoralbuch/Analysis-MusiCAU	1832_VollständigesChoralbuch/Analysis-MusiCAU/A-MCAU_AP1832-122_SID053.mscx	False	45-74 (A2-D5)	Piano	64-74 (E4-D5)	Piano	45-65 (A2-F4)
A-MCAU_AP1832-123_SID092	1: 4/4	1: 1	17	17	64.0	17	17	64.0		256.0	125	40	0	0	0	1832	1832	Georg Christian Apel	92	Vollständiges Choralbuch zum Schleswig-Holstein’schen Gesangbuche		Nun lasst zu Gott uns treten						2021-02-21		Microsoft Windows			Vollständiges Choralbuch zum Schleswig-Holstein’schen Gesangbuche	Nun lasst zu Gott uns treten	Georg Christian Apel	3.6.2	2.5.3	1832_VollständigesChoralbuch/Analysis-MusiCAU	1832_VollständigesChoralbuch/Analysis-MusiCAU/A-MCAU_AP1832-123_SID092.mscx	False	43-72 (G2-C5)	Piano	59-72 (B3-C5)	Piano	43-60 (G2-C4)
A-MCAU_AP1832-124a_SID060	1: 4/4	1: 0	21	21	76.0	29	29	104.0		304.0	153	42	0	0	0	1832	1832	Georg Christian Apel	60	Vollständiges Choralbuch zum Schleswig-Holstein’schen Gesangbuche		O Gott, du milder Gott						2021-01-25	3.02	Microsoft Windows			Vollständiges Choralbuch zum Schleswig-Holstein’schen Gesangbuche	O Gott, du milder Gott	Georg Christian Apel	3.6.2	2.5.3	1832_VollständigesChoralbuch/Analysis-MusiCAU	1832_VollständigesChoralbuch/Analysis-MusiCAU/A-MCAU_AP1832-124a_SID060.mscx	False	43-74 (G2-D5)	Piano	57-74 (A3-D5)	Piano	43-65 (G2-F4)
A-MCAU_AP1832-128a_SID094	1: 4/4	1: -1	17	17	64.0	17	17	64.0		256.0	134	39	0	0	0	1832	1832	Georg Christian Apel	94	Vollständiges Choralbuch zum Schleswig-Holstein’schen Gesangbuche		O Jesu du mein Herr						2021-02-21		Microsoft Windows			Vollständiges Choralbuch zum Schleswig-Holstein’schen Gesangbuche	O Jesu du mein Herr	Georg Christian Apel	3.6.2	2.5.3	1832_VollständigesChoralbuch/Analysis-MusiCAU	1832_VollständigesChoralbuch/Analysis-MusiCAU/A-MCAU_AP1832-128a_SID094.mscx	False	43-74 (G2-D5)	Piano	57-74 (A3-D5)	Piano	43-62 (G2-D4)
A-MCAU_AP1832-130_SID061	1: 4/4	1: -1	29	29	116.0	29	29	116.0		464.0	237	70	0	0	0	1832	1832	Georg Christian Apel	61	Vollständiges Choralbuch zum Schleswig-Holstein’schen Gesangbuche		O Lamm Gottes im Staube						2021-01-25	3.02	Microsoft Windows			Vollständiges Choralbuch zum Schleswig-Holstein’schen Gesangbuche	O Lamm Gottes im Staube	Georg Christian Apel	3.6.2	2.5.3	1832_VollständigesChoralbuch/Analysis-MusiCAU	1832_VollständigesChoralbuch/Analysis-MusiCAU/A-MCAU_AP1832-130_SID061.mscx	False	43-74 (G2-D5)	Piano	57-74 (A3-D5)	Piano	43-65 (G2-F4)
A-MCAU_AP1832-133_SID063	1: 4/4	1: -1	21	21	84.0	21	21	84.0		336.0	158	50	0	0	0	1832	1832	Georg Christian Apel	63	Vollständiges Choralbuch zum Schleswig-Holstein’schen Gesangbuche		O wie selig seyd ihr doch						2021-01-25	3.02	Microsoft Windows			Vollständiges Choralbuch zum Schleswig-Holstein’schen Gesangbuche	O wie selig seyd ihr doch	Georg Christian Apel	3.6.2	2.5.3	1832_VollständigesChoralbuch/Analysis-MusiCAU	1832_VollständigesChoralbuch/Analysis-MusiCAU/A-MCAU_AP1832-133_SID063.mscx	False	43-76 (G2-E5)	Piano	61-76 (C#4-E5)	Piano	43-65 (G2-F4)
A-MCAU_AP1832-140a_SID067	1: 4/4	1: -3	41	41	164.0	41	41	164.0		656.0	311	91	0	0	0	1832	1832	Georg Christian Apel	67	Vollständiges Choralbuch zum Schleswig-Holstein’schen Gesangbuche		Sollt ich meinem Gott nicht singen						2021-10-22		Microsoft Windows			Vollständiges Choralbuch zum Schleswig-Holstein’schen Gesangbuche	Sollt ich meinem Gott nicht singen	Georg Christian Apel	3.6.2	2.5.3	1832_VollständigesChoralbuch/Analysis-MusiCAU	1832_VollständigesChoralbuch/Analysis-MusiCAU/A-MCAU_AP1832-140a_SID067.mscx	False	43-75 (G2-Eb5)	Piano	58-75 (Bb3-Eb5)	Piano	43-65 (G2-F4)
A-MCAU_AP1832-145_SID069	1: 4/4	1: 0	25	25	96.0	25	25	96.0		384.0	204	60	0	0	0	1832	1832	Georg Christian Apel	69	Vollständiges Choralbuch zum Schleswig-Holstein’schen Gesangbuche		Vater unser im Himmelreich						2021-01-25	3.02	Microsoft Windows			Vollständiges Choralbuch zum Schleswig-Holstein’schen Gesangbuche	Vater unser im Himmelreich	Georg Christian Apel	3.6.2	2.5.3	1832_VollständigesChoralbuch/Analysis-MusiCAU	1832_VollständigesChoralbuch/Analysis-MusiCAU/A-MCAU_AP1832-145_SID069.mscx	False	43-77 (G2-F5)	Piano	57-77 (A3-F5)	Piano	43-64 (G2-E4)
A-MCAU_AP1832-146_SID070	1: 4/4	1: 1	23	23	88.0	23	23	88.0		352.0	176	57	0	0	0	1832	1832	Georg Christian Apel	70	Vollständiges Choralbuch zum Schleswig-Holstein’schen Gesangbuche		Verleih uns Frieden gnädiglich						2021-01-25	3.02	Microsoft Windows			Vollständiges Choralbuch zum Schleswig-Holstein’schen Gesangbuche	Verleih uns Frieden gnädiglich	Georg Christian Apel	3.6.2	2.5.3	1832_VollständigesChoralbuch/Analysis-MusiCAU	1832_VollständigesChoralbuch/Analysis-MusiCAU/A-MCAU_AP1832-146_SID070.mscx	False	43-74 (G2-D5)	Piano	55-74 (G3-D5)	Piano	43-62 (G2-D4)
A-MCAU_AP1832-147_SID071	1: 4/4	1: 0	17	17	64.0	17	17	64.0		256.0	133	38	0	0	0	1832	1832	Georg Christian Apel	71	Vollständiges Choralbuch zum Schleswig-Holstein’schen Gesangbuche		Vom Himmel komm ich her zu euch						2021-01-25	3.02	Microsoft Windows			Vollständiges Choralbuch zum Schleswig-Holstein’schen Gesangbuche	Vom Himmel komm ich her zu euch	Georg Christian Apel	3.6.2	2.5.3	1832_VollständigesChoralbuch/Analysis-MusiCAU	1832_VollständigesChoralbuch/Analysis-MusiCAU/A-MCAU_AP1832-147_SID071.mscx	False	43-72 (G2-C5)	Piano	57-72 (A3-C5)	Piano	43-62 (G2-D4)
A-MCAU_AP1832-149_SID072	1: 4/4	1: -2	23	23	84.0	31	31	112.0		336.0	161	46	0	0	0	1832	1832	Georg Christian Apel	72	Vollständiges Choralbuch zum Schleswig-Holstein’schen Gesangbuche		Von Gott will ich nicht lassen						2021-01-25	3.02	Microsoft Windows			Vollständiges Choralbuch zum Schleswig-Holstein’schen Gesangbuche	Von Gott will ich nicht lassen	Georg Christian Apel	3.6.2	2.5.3	1832_VollständigesChoralbuch/Analysis-MusiCAU	1832_VollständigesChoralbuch/Analysis-MusiCAU/A-MCAU_AP1832-149_SID072.mscx	False	43-74 (G2-D5)	Piano	58-74 (Bb3-D5)	Piano	43-63 (G2-Eb4)
A-MCAU_AP1832-151_SID073	1: 4/4	1: 0	32	32	128.0	46	46	184.0		504.0	243	70	0	0	0	1832	1832	Georg Christian Apel	73	Vollständiges Choralbuch zum Schleswig-Holstein’schen Gesangbuche		Wachet auf, ruft uns die Stimme						2021-01-25	3.02	Microsoft Windows			Vollständiges Choralbuch zum Schleswig-Holstein’schen Gesangbuche	Wachet auf, ruft uns die Stimme	Georg Christian Apel	3.6.2	2.5.3	1832_VollständigesChoralbuch/Analysis-MusiCAU	1832_VollständigesChoralbuch/Analysis-MusiCAU/A-MCAU_AP1832-151_SID073.mscx	False	43-76 (G2-E5)	Piano	57-76 (A3-E5)	Piano	43-64 (G2-E4)
A-MCAU_AP1832-152_SID074	1: 4/4	1: 1	20	20	76.0	20	20	76.0		304.0	170	52	0	0	0	1832	1832	Georg Christian Apel	74	Vollständiges Choralbuch zum Schleswig-Holstein’schen Gesangbuche		Warum betrübst du dich mein Herz						2021-01-25	3.02	Microsoft Windows			Vollständiges Choralbuch zum Schleswig-Holstein’schen Gesangbuche	Warum betrübst du dich mein Herz	Georg Christian Apel	3.6.2	2.5.3	1832_VollständigesChoralbuch/Analysis-MusiCAU	1832_VollständigesChoralbuch/Analysis-MusiCAU/A-MCAU_AP1832-152_SID074.mscx	False	43-74 (G2-D5)	Piano	59-74 (B3-D5)	Piano	43-64 (G2-E4)
A-MCAU_AP1832-154_SID075	1: 4/4	1: -1	22	22	80.0	31	31	112.0		320.0	168	55	0	0	0	1832	1832	Georg Christian Apel	75	Vollständiges Choralbuch zum Schleswig-Holstein’schen Gesangbuche		Was Gott thut, das ist wohlgethan						2021-01-25	3.02	Microsoft Windows			Vollständiges Choralbuch zum Schleswig-Holstein’schen Gesangbuche	Was Gott thut, das ist wohlgethan	Georg Christian Apel	3.6.2	2.5.3	1832_VollständigesChoralbuch/Analysis-MusiCAU	1832_VollständigesChoralbuch/Analysis-MusiCAU/A-MCAU_AP1832-154_SID075.mscx	False	43-74 (G2-D5)	Piano	59-74 (B3-D5)	Piano	43-62 (G2-D4)
A-MCAU_AP1832-155_SID077	1: 4/4	1: 0	26	26	96.0	35	35	128.0		384.0	194	60	0	0	0	1832	1832	Georg Christian Apel	77	Vollständiges Choralbuch zum Schleswig-Holstein’schen Gesangbuche		Was mein Gott will						2021-01-25	3.02	Microsoft Windows			Vollständiges Choralbuch zum Schleswig-Holstein’schen Gesangbuche	Was mein Gott will	Georg Christian Apel	3.6.2	2.5.3	1832_VollständigesChoralbuch/Analysis-MusiCAU	1832_VollständigesChoralbuch/Analysis-MusiCAU/A-MCAU_AP1832-155_SID077.mscx	False	43-74 (G2-D5)	Piano	60-74 (C4-D5)	Piano	43-65 (G2-F4)
A-MCAU_AP1832-157_SID055	1: 4/4	1: -2	16	16	64.0	16	16	64.0		256.0	123	36	0	0	0	1832	1832	Georg Christian Apel	55	Vollständiges Choralbuch zum Schleswig-Holstein’schen Gesangbuche		Wenn auch Widerwärtigkeiten						2021-01-25	3.02	Microsoft Windows			Vollständiges Choralbuch zum Schleswig-Holstein’schen Gesangbuche	Wenn auch Widerwärtigkeiten	Georg Christian Apel	3.6.2	2.5.3	1832_VollständigesChoralbuch/Analysis-MusiCAU	1832_VollständigesChoralbuch/Analysis-MusiCAU/A-MCAU_AP1832-157_SID055.mscx	False	43-74 (G2-D5)	Piano	58-74 (Bb3-D5)	Piano	43-63 (G2-Eb4)
A-MCAU_AP1832-160_SID091	1: 4/4	1: -1	24	24	96.0	32	32	128.0		384.0	187	59	0	0	0	1832	1832	Georg Christian Apel	91	Vollständiges Choralbuch zum Schleswig-Holstein’schen Gesangbuche		Wenn ich einst von jenem Schlummer						2020-12-22	3.02	Microsoft Windows			Vollständiges Choralbuch zum Schleswig-Holstein’schen Gesangbuche	Wenn ich einst von jenem Schlummer	Georg Christian Apel	3.6.2	2.5.3	1832_VollständigesChoralbuch/Analysis-MusiCAU	1832_VollständigesChoralbuch/Analysis-MusiCAU/A-MCAU_AP1832-160_SID091.mscx	False	43-74 (G2-D5)	Piano	60-74 (C4-D5)	Piano	43-63 (G2-Eb4)
A-MCAU_AP1832-161_SID078	1: 4/4	1: 1	29	29	112.0	29	29	112.0		448.0	237	76	0	0	0	1832	1832	Georg Christian Apel	78	Vollständiges Choralbuch zum Schleswig-Holstein’schen Gesangbuche		Wenn meine Zeit gekommen ist						2021-01-25	3.02	Microsoft Windows			Vollständiges Choralbuch zum Schleswig-Holstein’schen Gesangbuche	Wenn meine Zeit gekommen ist	Georg Christian Apel	3.6.2	2.5.3	1832_VollständigesChoralbuch/Analysis-MusiCAU	1832_VollständigesChoralbuch/Analysis-MusiCAU/A-MCAU_AP1832-161_SID078.mscx	False	43-74 (G2-D5)	Piano	59-74 (B3-D5)	Piano	43-64 (G2-E4)
A-MCAU_AP1832-163_SID079	1: 4/4	1: 1	17	17	64.0	17	17	64.0		256.0	139	45	0	0	0	1832	1832	Georg Christian Apel	79	Vollständiges Choralbuch zum Schleswig-Holstein’schen Gesangbuche		Wenn wir vor Kummer fast vergehn						2021-01-25	3.02	Microsoft Windows			Vollständiges Choralbuch zum Schleswig-Holstein’schen Gesangbuche	Wenn wir vor Kummer fast vergehn	Georg Christian Apel	3.6.2	2.5.3	1832_VollständigesChoralbuch/Analysis-MusiCAU	1832_VollständigesChoralbuch/Analysis-MusiCAU/A-MCAU_AP1832-163_SID079.mscx	False	43-74 (G2-D5)	Piano	59-74 (B3-D5)	Piano	43-64 (G2-E4)
A-MCAU_AP1832-167a_SID080	1: 4/4	1: 0	19	19	68.0	29	29	104.0		264.0	142	46	0	0	0	1832	1832	Georg Christian Apel	80	Vollständiges Choralbuch zum Schleswig-Holstein’schen Gesangbuche		Wer seinen Gott allein läßt walten						2021-01-25	3.02	Microsoft Windows			Vollständiges Choralbuch zum Schleswig-Holstein’schen Gesangbuche	Wer seinen Gott allein läßt walten	Georg Christian Apel	3.6.2	2.5.3	1832_VollständigesChoralbuch/Analysis-MusiCAU	1832_VollständigesChoralbuch/Analysis-MusiCAU/A-MCAU_AP1832-167a_SID080.mscx	False	45-76 (A2-E5)	Piano	59-76 (B3-E5)	Piano	45-60 (A2-C4)
A-MCAU_AP1832-168_SID081	1: 4/4	1: 2	30	30	112.0	43	43	160.0		440.0	199	57	0	0	0	1832	1832	Georg Christian Apel	81	Vollständiges Choralbuch zum Schleswig-Holstein’schen Gesangbuche		Wie leuchtet uns der Morgenstern						2021-01-25	3.02	Microsoft Windows			Vollständiges Choralbuch zum Schleswig-Holstein’schen Gesangbuche	Wie leuchtet uns der Morgenstern	Georg Christian Apel	3.6.2	2.5.3	1832_VollständigesChoralbuch/Analysis-MusiCAU	1832_VollständigesChoralbuch/Analysis-MusiCAU/A-MCAU_AP1832-168_SID081.mscx	False	43-74 (G2-D5)	Piano	57-74 (A3-D5)	Piano	43-62 (G2-D4)
A-MCAU_AP1832-169_SID019	1: 4/4	1: 1	34	34	128.0	43	43	160.0		512.0	276	92	0	0	0	1832	1832	Georg Christian Apel	19	Vollständiges Choralbuch zum Schleswig-Holstein’schen Gesangbuche		Wie liebt uns Gott so väterlich						2021-01-25	3.02	Microsoft Windows			Vollständiges Choralbuch zum Schleswig-Holstein’schen Gesangbuche	Wie liebt uns Gott so väterlich	Georg Christian Apel	3.6.2	2.5.3	1832_VollständigesChoralbuch/Analysis-MusiCAU	1832_VollständigesChoralbuch/Analysis-MusiCAU/A-MCAU_AP1832-169_SID019.mscx	False	43-76 (G2-E5)	Piano	59-76 (B3-E5)	Piano	43-62 (G2-D4)
A-MCAU_AP1832-171a_SID082	1: 4/4	1: 1	39	39	148.0	49	49	184.0		592.0	291	85	0	0	0	1832	1832	Georg Christian Apel	82	Vollständiges Choralbuch zum Schleswig-Holstein’schen Gesangbuche		Wie wohl ist mir						2021-01-25	3.02	Microsoft Windows			Vollständiges Choralbuch zum Schleswig-Holstein’schen Gesangbuche	Wie wohl ist mir	Georg Christian Apel	3.6.2	2.5.3	1832_VollständigesChoralbuch/Analysis-MusiCAU	1832_VollständigesChoralbuch/Analysis-MusiCAU/A-MCAU_AP1832-171a_SID082.mscx	False	43-76 (G2-E5)	Piano	55-76 (G3-E5)	Piano	43-64 (G2-E4)
A-MCAU_AP1832-172_SID051	1: 4/4	1: 0	56	56	224.0	56	56	224.0		896.0	422	134	0	0	0	1832	1832	Georg Christian Apel	51	Vollständiges Choralbuch zum Schleswig-Holstein’schen Gesangbuche		Mitten wir im Leben						2021-01-25	3.02	Microsoft Windows			Vollständiges Choralbuch zum Schleswig-Holstein’schen Gesangbuche	Mitten wir im Leben	Georg Christian Apel	3.6.2	2.5.3	1832_VollständigesChoralbuch/Analysis-MusiCAU	1832_VollständigesChoralbuch/Analysis-MusiCAU/A-MCAU_AP1832-172_SID051.mscx	False	43-74 (G2-D5)	Piano	57-74 (A3-D5)	Piano	43-64 (G2-E4)
A-MCAU_AP1832-173_SID084	1: 4/4	1: 0	47	47	184.0	47	47	184.0		736.0	343	102	0	0	0	1832	1832	Georg Christian Apel	84	Vollständiges Choralbuch zum Schleswig-Holstein’schen Gesangbuche		Wir gläuben all an einen Gott						2021-01-25	3.02	Microsoft Windows			Vollständiges Choralbuch zum Schleswig-Holstein’schen Gesangbuche	Wir gläuben all an einen Gott	Georg Christian Apel	3.6.2	2.5.3	1832_VollständigesChoralbuch/Analysis-MusiCAU	1832_VollständigesChoralbuch/Analysis-MusiCAU/A-MCAU_AP1832-173_SID084.mscx	False	43-76 (G2-E5)	Piano	57-76 (A3-E5)	Piano	43-64 (G2-E4)
